u2,total
Ohio State Univ,119.87305194805192
Univ Amsterdam,85.94207875457876
Michigan State Univ,80.62543290043291
Univ Wisconsin,68.82359307359312
Univ Illinois,68.65451770451777
Univ Michigan,66.83070401820406
Univ Texas Austin,65.07539682539687
Univ Penn,58.598043938983245
Cornell Univ,49.64771241830067
Univ Maryland,45.64368686868689
Northwestern Univ,44.86832611832613
Penn State Univ,41.36785714285714
Univ Georgia,40.68809523809524
Univ Calif Santa Barbara,40.58333333333333
Univ Calif Davis,39.65649350649351
Indiana Univ,37.34880952380952
Univ Arizona,37.04206349206349
Univ N Carolina,36.90119325119325
Vrije Univ Amsterdam,34.32088744588745
Nanyang Technol Univ,32.599999999999994
Univ So Calif,32.2734126984127
Washington State Univ,30.504761904761903
George Washington Univ,30.271897546897545
Univ Minnesota,29.141269841269832
Univ Washington,28.921078921078916
Stanford Univ,28.919444444444434
Texas A&M Univ,28.84285714285714
Rutgers State Univ,28.09126984126984
Purdue Univ,27.252380952380953
Hebrew Univ Jerusalem,25.89365079365079
RTI Int,23.455692346868815
SUNY Buffalo,22.292857142857137
Univ Vienna,22.049999999999994
NCI,21.959965034965034
Univ Kentucky,21.538629426129425
Univ Missouri,20.755158730158726
George Mason Univ,20.536219336219336
Univ Zurich,20.1765873015873
Univ Haifa,20.13333333333333
No-u2,20.0
Natl Chengchi Univ,19.916666666666668
Louisiana State Univ,19.225595238095234
Vanderbilt Univ,19.16757066462948
Natl Univ Singapore,19.166666666666664
Univ Antwerp,19.090909090909093
Harvard Univ,19.089487310075548
Arizona State Univ,17.80952380952381
Radboud Univ Nijmegen,17.409523809523808
Univ Ghent,16.859848484848484
Univ Utah,16.76944444444444
Boston Univ,16.744047619047624
Georgia State Univ,16.427380952380954
Univ Connecticut,15.902380952380954
Univ Florida,15.392857142857146
Univ Oxford,15.042857142857143
Univ Kansas,15.038095238095236
City Univ Hong Kong,14.619047619047619
Johannes Gutenberg Univ Mainz,14.480158730158733
Univ Oklahoma,14.306442577030813
Yale Univ,14.227813852813853
Univ Nebraska,13.523748473748478
Univ Iowa,13.440909090909093
Chinese Univ Hong Kong,13.333333333333332
Univ Colorado,13.310640236956024
Univ Calif Los Angeles,13.166341991341989
Seoul Natl Univ,12.9125
Duke Univ,12.656539074960126
Univ Miami,12.651587301587302
Columbia Univ,12.628030303030304
Univ Massachusetts,12.588127558715792
NYU,12.41558441558442
Ohio Univ,12.366666666666667
Temple Univ,12.087301587301589
Aarhus Univ,12.083333333333334
Florida State Univ,11.8
Univ Mannheim,11.675036075036074
Texas Tech Univ,11.062301587301588
Kent State Univ,10.985714285714286
Univ Sydney,10.856655844155846
Katholieke Univ Leuven,10.741666666666669
Syracuse Univ,10.583333333333334
Univ Groningen,10.5
Erasmus Univ,10.45
Univ Hawaii Manoa,10.299999999999999
Colorado State Univ,10.242857142857142
San Diego State Univ,10.228571428571428
US Bur Census,10.019444444444444
Villanova Univ,9.833333333333332
Univ Munich,9.806349206349202
Univ London London Sch Econ & Polit Sci,9.5
SUNY Albany,9.5
Georgetown Univ,9.357142857142858
Northeastern Univ,9.30952380952381
Univ Southern Calif,9.25
Queensland Univ Technol,9.15952380952381
Tel Aviv Univ,9.126262626262625
Univ Delaware,9.092857142857143
Univ S Carolina,9.026923076923076
CUNY,9.01785714285714
Univ Alabama,8.907738095238095
Univ Pittsburgh,8.899242424242427
Univ Oslo,8.866666666666667
Washington Univ,8.73373015873016
Iowa State Univ,8.702380952380953
Univ Tennessee,8.655555555555555
Drexel Univ,8.601190476190476
Univ Manchester,8.516666666666667
Univ Calif San Francisco,8.339957264957263
Princeton Univ,8.25
Univ Chicago,8.178210678210679
Johns Hopkins Bloomberg Sch Publ Hlth,8.143362193362194
N Carolina State Univ,8.126190476190477
Tilburg Univ,8.066666666666666
Univ Queensland,7.976190476190477
Univ N Texas,7.95
Univ S Florida,7.8801587301587315
Univ Copenhagen,7.833333333333333
Univ Melbourne,7.833333333333333
Johns Hopkins Univ,7.748809523809524
Virginia Commonwealth Univ,7.717857142857145
Emory Univ,7.5249999999999995
McGill Univ,7.433333333333332
Univ Loughborough,7.333333333333333
Hong Kong Baptist Univ,7.326190476190476
US FDA,7.322771672771673
Korea Univ,7.2746031746031745
Univ Calif Berkeley,7.241666666666665
Univ Helsinki,7.191666666666667
Sungkyunkwan Univ,7.166666666666665
Monash Univ,7.074999999999999
Wayne State Univ,6.961904761904761
Univ Arkansas,6.95
Westat Corp,6.928302253302254
Univ Essex,6.8888888888888875
Ludwig Maximilians Univ Munchen,6.833333333333333
Univ Oregon,6.617857142857143
Ctr Dis Control & Prevent,6.604365079365079
Dartmouth Coll,6.583333333333333
Maastricht Univ,6.516666666666666
Univ Rhode Isl,6.5
Univ London,6.475
SUNY Stony Brook,6.45
Univ Waterloo,6.391666666666667
Univ Gothenburg,6.333333333333333
Yonsei Univ,6.266666666666666
Univ Montreal,6.176190476190476
Portland State Univ,6.142857142857142
Brigham Young Univ,6.025
Univ Houston,5.9944444444444445
Leiden Univ,5.893589743589743
Univ Hawaii,5.890909090909091
IE Univ,5.833333333333333
Univ Calif San Diego,5.824206349206349
Univ Alberta,5.697619047619048
London Sch Econ & Polit Sci,5.6190476190476195
Ben Gurion Univ Negev,5.533333333333333
Univ Utrecht,5.476190476190475
Univ Hohenheim,5.436111111111111
RAND Corp,5.353174603174602
Tufts Univ,5.308333333333334
Mid Sweden Univ,5.25
Univ Toronto,5.183333333333334
Texas Christian Univ,5.166666666666667
Univ Leicester,5.059523809523808
Univ Twente,5.0
St Louis Univ,4.999999999999999
Univ Leeds,4.950000000000001
Univ Denver,4.916666666666667
Univ Nevada,4.916666666666666
UCL,4.890151515151516
Bowling Green State Univ,4.882936507936508
Univ Virginia,4.866666666666666
Howard Univ,4.833333333333334
Amer Univ,4.75
Univ Texas San Antonio,4.737301587301587
Yeungnam Univ,4.666666666666667
Claremont Grad Univ,4.666666666666667
Univ Memphis,4.625
No Illinois Univ,4.533333333333333
Univ Nottingham,4.5
Hanyang Univ,4.5
Stockholm Univ,4.424242424242424
Rochester Inst Technol,4.366666666666667
Ryerson Univ,4.366666666666666
Univ Auckland,4.333333333333333
WESTAT Corp,4.327777777777778
Univ Calgary,4.25
Univ Maine,4.25
Univ Duisburg Essen,4.25
E Carolina Univ,4.243589743589744
Univ Hong Kong,4.166666666666666
Stockholm Sch Econ,4.166666666666666
American Univ,4.166666666666666
W Virginia Univ,4.15
Karlstad Univ,4.083333333333333
Brown Univ,4.080952380952381
Sogang Univ,4.066666666666666
Montclair State Univ,4.041666666666667
Univ Texas Arlington,4.033333333333333
Univ New Mexico,4.023809523809524
Appalachian State Univ,4.0
Loyola Univ Maryland,4.0
Univ Wisconsin Milwaukee,4.0
Bar Ilan Univ,4.0
RMIT Univ,4.0
Emerson Coll,3.908333333333333
Cleveland State Univ,3.8833333333333337
Univ Cincinnati,3.869047619047619
Loyola Univ,3.8666666666666667
Santa Clara Univ,3.8666666666666663
Univ North Carolina Chapel Hill,3.8
Hallym Univ,3.7833333333333337
West Virginia Univ,3.783333333333333
IT Univ Copenhagen,3.783333333333333
Univ Texas Dallas,3.7777777777777777
Texas State Univ,3.726190476190476
Mississippi State Univ,3.7178571428571425
Univ Montana,3.7
Illinois State Univ,3.5833333333333335
Univ Sheffield,3.5666666666666664
Univ Salamanca,3.5
Univ New Hampshire,3.5
Fordham Univ,3.5
Univ Alabama Birmingham,3.486111111111111
Free Univ Berlin,3.477777777777778
Univ Southern Denmark,3.3583333333333334
Univ Stirling,3.3333333333333335
Copenhagen Business Sch,3.3333333333333335
Open Univ Israel,3.333333333333333
Baylor Univ,3.333333333333333
Towson Univ,3.2833333333333337
Lund Univ,3.283333333333333
Univ Texas MD Anderson Canc Ctr,3.2686868686868684
Ewha Womans Univ,3.25
Univ Munster,3.208333333333333
Wake Forest Univ,3.1999999999999997
Dana Farber Canc Inst,3.191399286987522
Univ Jyvaskyla,3.1666666666666665
Coll Charleston,3.1500000000000004
Boston Coll,3.1333333333333333
Univ Milan,3.1125
Univ Bologna,3.083333333333333
Univ Lancaster,3.0749999999999997
Univ South Carolina,3.071428571428571
Middle Tennessee State Univ,3.0333333333333337
Cardiff Univ,3.0
City Univ London,3.0
Univ Orebro,3.0
So Illinois Univ,3.0
Univ Koblenz Landau,3.0
Curtin Univ,3.0
Telecom ParisTech,3.0
Murdoch Univ,3.0
Calif State Univ Long Beach,2.9999999999999996
So Methodist Univ,2.976190476190476
CUNY Hunter Coll,2.9523809523809526
Univ Wisconsin Madison,2.94047619047619
Mayo Clin,2.932575757575757
Univ Minnesota Twin Cities,2.9166666666666665
Univ Diego Portales,2.90952380952381
Univ Sussex,2.8666666666666667
Myongji Univ,2.8666666666666667
Univ Cent Florida,2.8539682539682545
Stetson Univ,2.8333333333333335
Univ Western Australia,2.833333333333333
Wolverhampton Univ,2.833333333333333
Kansas State Univ,2.833333333333333
Univ Lethbridge,2.8068181818181817
Deakin Univ,2.791666666666667
Univ Cologne,2.773809523809524
Univ Pompeu Fabra,2.75
Old Dominion Univ,2.75
Western Michigan Univ,2.75
Wesleyan Univ,2.75
Coastal Carolina Univ,2.75
Australian Natl Univ,2.7291666666666665
Univ Canberra,2.7
Univ So Mississippi,2.7
Chapman Univ,2.666666666666667
Chung Ang Univ,2.666666666666667
Natl Chiao Tung Univ,2.6666666666666665
Eindhoven Univ Technol,2.6666666666666665
Kookmin Univ,2.5833333333333335
Uppsala Univ,2.583333333333333
Univ S Australia,2.583333333333333
Goldsmiths Univ London,2.5625
Oakland Univ,2.511111111111111
Univ St Thomas,2.5
Indiana Univ Bloomington,2.5
Illinois Wesleyan Univ,2.5
Goethe Univ Frankfurt,2.5
Oregon State Univ,2.4999999999999996
London Sch Econ,2.458333333333333
Netanya Acad Coll,2.4444444444444446
PATH,2.4333333333333336
Microsoft Res,2.416666666666667
Univ Calif Riverside,2.4166666666666665
Florida Int Univ,2.3686868686868685
Univ Erfurt,2.3666666666666667
York Univ,2.3333333333333335
Univ Turku,2.3333333333333335
Open Univ,2.3333333333333335
Western Washington Univ,2.3333333333333335
Univ Geneva,2.3333333333333335
Depaul Univ,2.333333333333333
Univ Wyoming,2.333333333333333
Pontificia Univ Catolica Chile,2.333333333333333
Regent Univ,2.333333333333333
Concordia Univ,2.2916666666666665
Inst Employment Res IAB,2.2777777777777777
Univ Salford,2.2625
Univ Autonoma Barcelona,2.25
Univ Louvain,2.25
Simon Fraser Univ,2.2333333333333334
Univ Southampton,2.175
Univ Exeter,2.1666666666666665
Univ So Denmark,2.1666666666666665
Charles Univ Prague,2.1666666666666665
Korea Adv Inst Sci & Technol,2.1666666666666665
Univ Akron,2.1666666666666665
Univ Waikato,2.142857142857143
Gallup Inc,2.142857142857143
Macquarie Univ,2.1166666666666667
Natl Inst Informat,2.1
Univ Louisville,2.1
Elon Univ,2.083333333333333
Montana State Univ,2.083333333333333
Canisius Coll,2.083333333333333
Xavier Univ,2.083333333333333
Univ Tokyo,2.0625
Univ Akureyri,2.0595238095238093
Nielsen,2.055555555555556
Univ Cambridge,2.0166666666666666
Kaiser Permanente,2.0094017094017094
Cent Michigan Univ,2.003571428571428
Univ Texas Med Branch,2.0
Univ Colombo,2.0
Univ Mississippi,2.0
Johannes Kepler Univ Linz,2.0
Natl Univ Ireland Galway,2.0
Natl Sun Yat Sen Univ,2.0
Idaho State Univ,2.0
Zhejiang Univ,2.0
Carleton Univ,2.0
Univ Sunshine Coast,2.0
Planned Parenthood New York City,2.0
Abo Akad Univ,2.0
European Univ Viadrina,2.0
Chalmers,2.0
Shantou Univ,2.0
Auburn Univ,2.0
Univ Ontario Inst Technol,2.0
Univ E Anglia,2.0
Univ York,2.0
Univ Leuven,2.0
Umea Univ,2.0
Oxfam Int,2.0
SINTEF ICT,1.9999999999999998
Mem Sloan Kettering Canc Ctr,1.9932900432900431
Peking Univ,1.9777777777777776
Inst Employment Res,1.9742424242424241
Univ Calif Irvine,1.9575757575757573
Mt Sinai Sch Med,1.9435828877005348
Ono Acad Coll,1.924242424242424
Univ Ottawa,1.9166666666666665
Missouri State Univ,1.9166666666666665
Newcastle Univ,1.9
Univ Newcastle,1.8928571428571428
MIT,1.8666666666666665
Bryant Univ,1.8666666666666665
Fox Chase Canc Ctr,1.8524531024531024
Ariel Univ,1.85
Swinburne Univ Technol,1.8333333333333333
Univ Calif Merced,1.8333333333333333
Univ Technol Sydney,1.8333333333333333
Waseda Univ,1.8333333333333333
Univ Canterbury,1.8333333333333333
Univ Leipzig,1.833333333333333
Western Illinois Univ,1.825
Fairfield Univ,1.8095238095238093
Univ British Columbia,1.8095238095238093
Radford Univ,1.7916666666666665
Ateneo Manila Univ,1.75
SSRS Social Sci Res Solut,1.75
Loyola Marymount Univ,1.75
Mills Coll,1.75
Lehigh Univ,1.726190476190476
Ernst Moritz Arndt Univ Greifswald,1.7142857142857142
Tsinghua Univ,1.7
UN,1.6833333333333333
Texas A&M Int Univ,1.6666666666666667
Res Triangle Inst,1.6666666666666667
Georgia Inst Technol,1.6666666666666667
Loma Linda Univ,1.6666666666666665
Univ Carlos III Madrid,1.6666666666666665
Hope Coll,1.6666666666666665
Pompeu Fabra Univ,1.6666666666666665
Calif Polytech State Univ San Luis Obispo,1.6666666666666665
Bangor Univ,1.6666666666666665
Open Univ Catalonia,1.6666666666666665
Calif State Univ Fullerton,1.6666666666666665
Youngstown State Univ,1.6666666666666665
Swansea Univ,1.6666666666666665
Norwegian Univ Sci & Technol,1.6625
Netherlands Inst Hlth Serv Res NIVEL,1.6285714285714286
UNICEF,1.619047619047619
NHGRI,1.615151515151515
Catholic Univ Amer,1.6111111111111112
Univ Rey Juan Carlos,1.6
Marquette Univ,1.6
New Mexico State Univ,1.5833333333333333
Kyung Hee Univ,1.5833333333333333
Uniformed Serv Univ Hlth Sci,1.5833333333333333
Providence Coll,1.5833333333333333
Pacific Inst Res & Evaluat,1.5773809523809526
Family Hlth Int,1.55
Calif State Univ Sacramento,1.5333333333333332
Univ Bern,1.5333333333333332
BI Norwegian Business Sch,1.5333333333333332
Queens Univ,1.5333333333333332
London S Bank Univ,1.525
Univ Rochester,1.5119047619047619
Denison Univ,1.5
Bloomsburg Univ Penn,1.5
Tech Univ Chemnitz,1.5
Calif State Univ San Bernardino,1.5
Curtin Univ Technol,1.5
Univ Libre Bruxelles,1.5
Nielsen Co,1.5
Univ Lugano,1.5
Coll William & Mary,1.5
RAND,1.5
Univ Westminster,1.5
Hankuk Univ Foreign Studies,1.5
Liverpool John Moores Univ,1.5
Aberystwyth Univ,1.5
Quinnipiac Univ,1.5
Hong Kong Polytech Univ,1.5
Univ Saskatchewan,1.5
Washington & Lee Univ,1.5
Univ Fed Minas Gerais,1.5
Pontificia Univ Javeriana,1.5
Natl Agcy Special Needs Educ & Sch,1.5
Sodertorn Univ,1.5
European Univ Inst,1.5
Univ Bergen,1.5
Coventry Univ,1.5
UNC Charlotte,1.5
Governors State Univ,1.5
LMI,1.5
Ctr Invest & Docencia Econ,1.5
Univ San Diego,1.5
Brock Univ,1.5
Clemson Univ,1.5
Hebrew Univ Jerusalem Hadassah Hosp & Med Sch,1.5
Univ Paris Est Marne La Vallee,1.5
Western Carolina Univ,1.5
W Chester Univ,1.5
Rowan Univ,1.4999999999999998
Canc Council Victoria,1.4761904761904763
Univ Tampere,1.475
Aalto Univ,1.45
Calif State Polytech Univ Pomona,1.45
Klein Buendel Inc,1.43015873015873
Chang Gung Univ,1.4166666666666665
Diego Portales Univ,1.4166666666666665
Macau Univ Sci & Technol,1.4166666666666665
Univ Notre Dame,1.4166666666666665
Urban Inst,1.4102564102564101
Rush Univ,1.4084415584415584
Univ Svizzera Italiana,1.4
Univ St Gallen,1.4
Virginia Tech,1.375
World Econ Forum,1.375
Univ Warwick,1.375
Griffith Univ,1.3666666666666665
Miami Univ,1.3666666666666665
Univ Western Sydney,1.3541666666666665
Calif State Univ,1.3428571428571427
Univ Dallas,1.3428571428571427
Amer Inst Res,1.3333333333333335
Skidmore Coll,1.3333333333333333
Alpen Adria Univ Klagenfurt,1.3333333333333333
Coll New Jersey,1.3333333333333333
Univ Wurzburg,1.3333333333333333
Calif State Univ Fresno,1.3333333333333333
Calif State Univ Chico,1.3333333333333333
Boise State Univ,1.3333333333333333
Univ Surrey,1.3333333333333333
Bentley Univ,1.3333333333333333
Tech Univ Dresden,1.3333333333333333
Kadir Has Univ,1.3333333333333333
Univ Halle Wittenberg,1.3333333333333333
Kings Coll London,1.3333333333333333
CUNY Queens Coll,1.3333333333333333
Univ Jena,1.3333333333333333
Massey Univ,1.3333333333333333
Univ Birmingham,1.3333333333333333
Univ Winchester,1.3333333333333333
CNRS,1.3333333333333333
SUNY Coll Oswego,1.3333333333333333
Univ Cattolica Sacro Cuore,1.3333333333333333
Amer Med Assoc,1.3333333333333333
Univ Calif,1.3333333333333333
Univ Liverpool,1.3214285714285714
Oregon Hlth & Sci Univ,1.3075757575757576
WHO,1.3
Dublin Inst Technol,1.25
Gonzaga Univ,1.25
Univ New South Wales,1.25
Canc Inst NSW,1.25
Icahn Sch Med Mt Sinai,1.25
Coll Wooster,1.25
Eastern Michigan Univ,1.25
Univ Cambridge Emmanuel Coll,1.25
FHI 360,1.25
Res Org Informat & Syst,1.25
Humboldt Univ,1.2476190476190476
Univ Stellenbosch,1.2333333333333334
Pew Res Ctr,1.2222222222222223
Univ Missouri Columbia,1.2
Morgan State Univ,1.2
Univ New S Wales,1.2
Univ Murcia,1.2
Univ Fribourg,1.2
Sage Coll,1.2
York Coll Penn,1.1666666666666667
Mem Univ Newfoundland,1.1666666666666665
Univ Tasmania,1.1666666666666665
Univ S Dakota,1.1666666666666665
Univ Autonoma Madrid,1.1666666666666665
Fatih Univ,1.1666666666666665
Bowdoin Coll,1.1666666666666665
Shanghai Jiao Tong Univ,1.1666666666666665
Univ Nova Lisboa,1.1666666666666665
Prevent Res Ctr,1.1666666666666665
Indiana Univ Purdue Univ,1.1388888888888888
Natl Univ Ireland Univ Coll Cork,1.1333333333333333
Ruhr Univ Bochum,1.125
Univ Western Ontario,1.125
Univ Tartu,1.1111111111111112
Carnegie Mellon Univ,1.1111111111111112
Baylor Coll Med,1.1047979797979801
Univ Wollongong,1.1
Childrens Hosp Eastern Ontario,1.1
Math Policy Res,1.0909090909090908
Pohang Univ Sci & Technol,1.0833333333333333
Univ Texas El Paso,1.0833333333333333
Truth Initiat,1.0545454545454547
Univ Nebraska Lincoln,1.05
GESIS Leibniz Inst Social Sci,1.0476190476190477
Resources Future Inc,1.0357142857142856
Shepherd Univ,1.0333333333333332
Indiana Univ SE,1.0333333333333332
Univ Massachusetts Boston,1.0333333333333332
Bellevue Coll,1.0
Wilson Coll,1.0
Swedish Natl Def Coll,1.0
Calif State Univ Dominguez Hills,1.0
Tallinn Univ,1.0
KTH Royal Inst Technol,1.0
Univ Jaume 1,1.0
Tech Univ Berlin,1.0
Ivy Tech Community Coll Indiana,1.0
KU Leuven Univ Leuven,1.0
Univ Hamburg,1.0
Eastern Illinois Univ,1.0
Univ W England,1.0
Middlesex Univ London,1.0
Middlebury Coll,1.0
Western Sydney Univ,1.0
Monmouth Coll,1.0
Univ Philippines,1.0
Univ Vic,1.0
Muhlenberg Coll,1.0
St Cloud State Univ,1.0
St Johns Univ,1.0
Bates Coll,1.0
Jacksonville State Univ,1.0
Southampton Solent Univ,1.0
Univ Minnesota Duluth,1.0
Univ Tromso,1.0
Univ Urbino Carlo Bo,1.0
Univ Minho,1.0
Chatham Univ,1.0
Beihang Univ,1.0
Univ Basque Country,1.0
Univ Modena & Reggio Emilia,1.0
Doon Univ,1.0
Univ Valladolid,1.0
Budapest Univ Technol & Econ,1.0
Pace Univ,1.0
Middle E Tech Univ,1.0
Bilkent Univ,1.0
Lahore Univ Management Sci,1.0
Langer Res Associates,1.0
Leeds Trinity Univ,1.0
ASCoR Univ Amsterdam,1.0
UNIST,1.0
UNSW Australia,1.0
Lewis & Clark Coll,1.0
MacEwan Univ,1.0
Univ Campus Suffolk,1.0
Commiss European Communities,1.0
USI,1.0
Univ Durham,1.0
Columbia Business Sch,1.0
City Hope Natl Med Ctr,1.0
Ulsan Natl Inst Sci & Technol,1.0
Coll Management Acad Studies COMAS,1.0
Univ Aalborg,1.0
Univ Aarhus,1.0
Univ Dublin Trinity Coll,1.0
Colgate Univ,1.0
ABT Associates Inc,1.0
British Inst Ankara,1.0
Univ Texas Austin Univ Stn,1.0
LMU Univ Munich,1.0
Tulane Sch Publ Hlth & Trop Med,1.0
Univ Munich LMU,1.0
CUNY Coll Staten Isl,1.0
Wageningen Univ,1.0
Univ N Florida,1.0
Soongsil Univ,1.0
Univ Technol,1.0
Univ North Carolina Greensboro,1.0
Mercy Coll,1.0
Trinity Coll Dublin,1.0
Kutztown State Univ,1.0
UCL Inst Educ,1.0
Tzu Chi Univ,1.0
Med Advisory Serv,1.0
Kyonggi Univ,1.0
UAEM,1.0
Wissensch Zentrum Berlin Sozialforsch,1.0
Max Stern Acad Coll Emek Yezreel,1.0
Creighton Univ,1.0
Univ Nacl Autonoma Mexico,1.0
LIRNEasia,1.0
Intel Labs,1.0
Univ Milano Bicocca,1.0
Eindhoven Univ,1.0
SUNY Coll Cortland,1.0
New York Univ Abu Dhabi,1.0
Franklin & Marshall Coll,1.0
Occidental Coll,1.0
SINTEF,1.0
IIT,1.0
Univ Lapland,1.0
Univ Lucerne,1.0
Univ West Scotland,1.0
Univ Manitoba,1.0
Univ West Georgia,1.0
Univ London Goldsmiths Coll,1.0
Natl Univ Ireland Maynooth,1.0
Univ Regina,1.0
IULM Univ,1.0
Grant MacEwan Univ,1.0
IDC Herzliya,1.0
Ghent Univ Belgium,1.0
Nanjing Univ,1.0
Robert Morris Univ,1.0
Univ So Queensland,1.0
Univ Limerick,1.0
Univ Winnipeg,1.0
Univ Brighton,1.0
Rikkyo Univ,1.0
Roanoke Coll,1.0
Yeshiva Univ,1.0
Univ Richmond,1.0
Queens Univ Belfast,1.0
VU Free Univ Amsterdam,1.0
Northwestern Univ Qatar,1.0
Queens Sch Business,1.0
Nova SE Univ,1.0
Univ Bremen,1.0
Univ West,1.0
Austin Peay State Univ,1.0
Graz Univ,1.0
Univ Porto,1.0
Sapir Acad Coll,1.0
Canyon Ranch Inst,1.0
European Ctr Dis Prevent & Control ECDC,1.0
Innovat Res & Training,1.0
Ins Dev & Int Relat,1.0
Otterbein Coll,1.0
Sesame Workshop,1.0
Simmons Coll,1.0
Oslo & Akershus Univ,1.0
Otto Friedrich Univ Bamberg,1.0
Inst Res & Dev,1.0
Inst Social Res,1.0
Univ Bedfordshire,1.0
Pacific Lutheran Univ,1.0
Smith Coll,1.0
Ouachita Baptist Univ,1.0
Amer Univ Paris,1.0
Indiana Univ Purdue Univ Indianapolis,1.0
CentERdata,1.0
Univ Siegen,1.0
Autonomous Univ Queretaro,1.0
Natl Res Univ Higher Sch Econ,1.0
Paris Saclay Univ,1.0
Univ Maryland Baltimore Cty,1.0
Orebro Univ,1.0
Univ Buenos Aires,1.0
Athens Univ Econ & Business,1.0
Hague Univ Appl Sci,1.0
Univ Texas Hlth Sci Ctr San Antonio,0.9999999999999999
Univ San Francisco,0.987179487179487
Athabasca Univ,0.9761904761904762
Univ Barcelona,0.95
Meyers Primary Care Inst,0.941025641025641
Univ Quebec,0.9333333333333332
Univ Witwatersrand,0.8999999999999999
Univ Oulu,0.8999999999999999
San Francisco State Univ,0.8928571428571428
Meharry Med Coll,0.8720238095238095
San Francisco Gen Hosp,0.8704545454545454
Univ Aegean,0.8666666666666667
Cyprus Univ Technol,0.8666666666666667
Dongguk Univ,0.8666666666666667
SUNY Coll Brockport,0.8666666666666667
Huazhong Univ Sci & Technol,0.8571428571428571
Univ Colorado Denver,0.85
Wake Forest Sch Med,0.8444444444444443
Univ Estado Rio De Janeiro,0.8333333333333333
Management Sci Hlth,0.8333333333333333
Univ Bath,0.8333333333333333
Zeppelin Univ Friedrichshafen,0.8333333333333333
Johnson & Johnson,0.8333333333333333
Mkt Syst Grp,0.8333333333333333
Univ Louisiana Lafayette,0.8333333333333333
Pittsburg State Univ,0.8333333333333333
Calif State Univ Northridge,0.8333333333333333
Dartmouth Med Sch,0.8333333333333333
Univ Botswana,0.8333333333333333
Univ Norte,0.8333333333333333
Queen Mary Univ London,0.8333333333333333
N Dakota State Univ,0.8333333333333333
Konkuk Univ,0.8333333333333333
Int Christian Univ,0.8333333333333333
Case Western Reserve Univ,0.8333333333333333
So Cross Univ,0.8295454545454546
Cent Queensland Univ,0.8166666666666668
Univ Chicago Med,0.8
Southern Illinois Univ,0.8
Univ Neuchatel,0.8
Weill Cornell Med Coll,0.8
Fudan Univ,0.7916666666666666
Inst Publ Hlth,0.7857142857142857
SSRS,0.7769230769230768
Roswell Pk Canc Inst,0.7686274509803921
Bill & Melinda Gates Fdn,0.7666666666666666
Univ Med Ctr,0.75
Univ Potsdam,0.75
Malmo Univ,0.75
Univ Granada,0.75
Natl Yang Ming Univ,0.75
Univ Augsburg,0.75
Mercer Univ,0.75
North Carolina State Univ,0.75
Univ Lisbon,0.75
Pew Hispan Ctr,0.75
McMaster Univ,0.75
Boston Univ Med Ctr,0.75
Berkeley Air Monitoring Grp,0.75
Ctr Res Adolescent Hlth & Dev,0.75
ISCTE IUL,0.75
Childrens Hosp Westmead,0.75
Karolinska Inst,0.75
Alexander von Humboldt Inst Internet & Soc,0.75
World Bank,0.75
Aix Marseille Univ,0.75
IMMUNIZATIONbasics Project John Snow Inc,0.75
Berkeley Media Studies Grp,0.75
Virginia Polytech Inst & State Univ,0.75
Google Inc,0.75
Edith Cowan Univ,0.75
Bellarmine Univ,0.7083333333333333
Robert Wood Johnson Fdn,0.7083333333333333
PictureRx LLC,0.7000000000000001
ICF Int,0.7
Pan Amer Hlth Org,0.7
Berry Coll,0.7
Univ No Iowa,0.7
Massachusetts Gen Hosp,0.696969696969697
St Josephs Univ,0.6944444444444445
Erasmus MC,0.6923076923076924
Washington Univ St Louis,0.6666666666666666
Ctr Innovat Publ Hlth Res,0.6666666666666666
Nationwide Childrens Hosp,0.6666666666666666
Int Conservat & Educ Fund,0.6666666666666666
Porter Novelli,0.6666666666666666
Univ Stockholm,0.6666666666666666
Stanfords Ctr Poverty & Inequal,0.6666666666666666
Womens & Childrens Hosp Buffalo,0.6666666666666666
NEOMA Business Sch,0.6666666666666666
MediaScience,0.6666666666666666
Swiss Fed Inst Technol Zurich,0.6666666666666666
SDA Bocconi Sch Management,0.6666666666666666
Winrock Int Livestock Res & Training Ctr,0.6666666666666666
Tallinn Univ Technol,0.6666666666666666
Rutgers Business Sch,0.6666666666666666
Univ Basque Country UPV EHU,0.6666666666666666
Tech Univ Ilmenau,0.6666666666666666
Kainan Univ,0.6666666666666666
West Viginia Univ,0.6666666666666666
Coll Journalism & Commun,0.6666666666666666
ISPA,0.6666666666666666
Univ Valencia,0.6666666666666666
Univ Novi Sad,0.6666666666666666
Netherlands Inst Hlth Serv Res,0.6666666666666666
Trinity Univ,0.6666666666666666
Free Univ Brussels,0.6666666666666666
Univ So Indiana,0.6666666666666666
Wright State Univ,0.6666666666666666
Hofstra Univ,0.6666666666666666
Marie Curie Sklodowska Univ,0.6666666666666666
Guttmacher Inst,0.6666666666666666
HEC Montreal,0.6666666666666666
Univ Toulouse,0.6666666666666666
Univ Lorraine,0.6666666666666666
Anna Univ,0.6666666666666666
Hill Knowlton,0.6666666666666666
Abt SRBI Inc,0.6666666666666666
Univ New Orleans,0.6666666666666666
Amer Hlth Insurance Plans,0.6666666666666666
Univ Naples 2,0.6666666666666666
Hlth Author,0.65
NIH,0.6477272727272728
German Inst Econ Res DIW Berlin,0.6476190476190478
Aga Khan Univ,0.6470588235294118
Marist Coll,0.6428571428571428
Univ Dayton,0.625
Univ Giessen,0.625
USAID,0.625
Univ Oberta Catalunya,0.6190476190476191
Univ Puerto Rico,0.6190476190476191
Rice Univ,0.6111111111111112
Bournemouth Univ,0.6111111111111112
Microsoft Res Asia,0.6000000000000001
Minnesota Dept Hlth,0.6000000000000001
Natl Cheng Kung Univ,0.6000000000000001
CNR,0.6000000000000001
Univ Illinois Coll Nursing,0.6000000000000001
Soul City Inst Hlth & Dev Commun,0.6000000000000001
Merck,0.6000000000000001
Minist Hlth,0.6000000000000001
Univ Iberoamer,0.6
New Sch Social Res,0.5888888888888888
Sam Houston State Univ,0.5833333333333333
Utah Valley Univ,0.5833333333333333
Univ Otago,0.5833333333333333
German Commun Assoc DGPuK,0.5833333333333333
San Jose State Univ,0.5833333333333333
Kwangwoon Univ,0.5833333333333333
Bruce W Carter Miami VAMC,0.5833333333333333
Beijing Normal Univ,0.5833333333333333
NIOSH,0.5833333333333333
Catalan Hlth Inst,0.5714285714285714
RTI Int Inc,0.5714285714285714
Hop Cochin,0.5714285714285714
Univ Arkansas Med Sci,0.5688502673796791
UnitedHealthcare,0.5666666666666667
H Lee Moffitt Canc Ctr & Res Inst,0.5555555555555555
US Dept HHS,0.5535714285714286
Univ Bamberg,0.5476190476190477
Saginaw Valley State Univ,0.5357142857142857
Maine Med Ctr,0.5333333333333333
Univ Kent,0.5333333333333333
Hartman Grp Inc,0.5333333333333333
Pomona Coll,0.5333333333333333
Univ Pacific,0.5333333333333333
Natl Chung Cheng Univ,0.5333333333333333
Fan Studies Network,0.5
Fed Employment Off,0.5
PUCV,0.5
Univ Reading,0.5
GfK Korea,0.5
Finis Terrae Univ,0.5
VDC Res Grp,0.5
Upper Austria Univ Appl Sci,0.5
Publ Policy Inst Calif,0.5
Florida Atlantic Univ,0.5
Res Inst,0.5
Facebook Inc,0.5
Polytech Inst Guarda,0.5
Univ Puget Sound,0.5
Global Alliance Clean Cookstoves,0.5
Sammy Ofer Sch Commun,0.5
Florida Inst Technol,0.5
Ozarks Tech Community Coll,0.5
Prime Res,0.5
Fac Casper Libero,0.5
Sapir Coll,0.5
Grant MacEwan Coll,0.5
Populat Serv Int Tulane Univ,0.5
Sch Journalism & Mass Commun,0.5
GfK Custom Res,0.5
German Inst Econ Res DIW,0.5
SLIS,0.5
Hadassah Acad Coll,0.5
Renmin Univ China,0.5
Relmek Co Ltd,0.5
Vet Adm HSR&D & RR&D Ctr Excellence,0.5
Univ S Africa,0.5
Vassar Coll,0.5
Robert E Mitchell Ctr Prisoner War Studies,0.5
Recording Blind & Dyslex,0.5
Univ Rovira & Virgili,0.5
Ramapo Coll,0.5
Rollins Coll,0.5
Sci Po Medialab,0.5
Peres Acad Ctr,0.5
Georgia Regents Univ,0.5
Royal Netherlands Acad Arts & Sci,0.5
Penn State Univ Harrisburg,0.5
Penn State Coll Med,0.5
Georgian Inst Publ Affairs,0.5
Politecn Milan,0.5
Four Seasons Hotels & Resorts,0.5
Univ Saarland,0.5
Paris Descartes Univ,0.5
Valdosta State Univ,0.5
Fors Marsh Grp,0.5
Fontbonne Univ,0.5
Hacettepe Univ,0.5
Pittsburgh State Univ,0.5
SK Telecom,0.5
Univ Sao Paulo,0.5
Facebook,0.5
Seton Phys MSO,0.5
Univ Guam,0.5
Univ Goettingen,0.5
Bloomsburg Univ,0.5
Bradley Univ,0.5
Univ Edinburgh,0.5
Bridgewater State Univ,0.5
Univ Diego Port,0.5
Univ Derby,0.5
Brigham Young Univ Hawaii,0.5
Univ Colorado Colorado Springs,0.5
Univ Colorado Boulder,0.5
Brown Univ Modern Culture & Media,0.5
Wittenberg Univ,0.5
Bur Hlth Promot,0.5
CIDE,0.5
Univ Cape Town,0.5
CIS IUL,0.5
CUNY Bernard M Baruch Coll,0.5
Western Univ,0.5
Univ British Columbia Okanagan,0.5
World Hlth Org,0.5
Univ Hasselt,0.5
Silicon Valley San Jose Business Journal,0.5
Berg Univ Wuppertal,0.5
Zogby Int,0.5
AT&T,0.5
Abt SRBI,0.5
Act Healthy Kids Canada,0.5
Albany State Univ,0.5
Amaretto Grp,0.5
Amer Enterprise Inst Publ Policy Res,0.5
Amer Univ Cairo,0.5
Amsterdam Sch Commun Res,0.5
Yerevan State Univ,0.5
Univ Lille 3,0.5
Aston Univ,0.5
Univ La Verne,0.5
Xi An Jiao Tong Univ,0.5
Babson Coll,0.5
Baldwin Wallace Univ,0.5
Bangkok Univ,0.5
Univ Int Business & Econ,0.5
World Lung Fdn,0.5
Western Oregon Univ,0.5
Catholic Univ Daegu,0.5
Univ Bocconi,0.5
Univ Beira Interior,0.5
Dept Environm Sci & Policy,0.5
Univ Paris 02,0.5
Swiss Commun Assoc SGKM,0.5
Dickinson Coll,0.5
Survey Sampling Int LLC,0.5
Div Behav Hlth,0.5
Univ Paris 04,0.5
Univ Paris 09,0.5
Stanford Univ Sch Educ,0.5
Stanford Grad Sch Business,0.5
St Lawrence Univ,0.5
ENR Mem Vet Hosp,0.5
St Francis Hosp & Med Ctr,0.5
Univ Perugia,0.5
Univ Philippines Diliman,0.5
Eastern Washington Univ,0.5
Elect Frontier Fdn,0.5
Emek Yezreel Academ Coll,0.5
Empowering Commun,0.5
Tamkang Univ,0.5
Oslo Sch Management,0.5
WISE Seoul,0.5
West Chester Univ,0.5
Cheil Worldwide,0.5
Univ Alexandria,0.5
Chung Yuan Christian Univ,0.5
Coll Holy Cross,0.5
Univ North Florida USA,0.5
Univ North Georgia,0.5
Coll St Elizabeth,0.5
USC Annenberg Ctr Commun Leadership & Policy,0.5
US Ctr Dis Control & Prevent,0.5
DePaul Univ,0.5
Commun Univ China,0.5
Weber State Univ,0.5
UNED,0.5
UNC Gillings Sch Global Publ Hlth,0.5
Cornell Tech,0.5
Tulane Univ,0.5
The Hague Univ,0.5
Dalian Univ Technol,0.5
Delft Univ Technol,0.5
4234 Texas A&M Univ,0.5
Mt Mercy Univ,0.5
Lafayette Coll,0.5
Kutztown Univ Penn,0.5
New Zealand Broadcasting Sch,0.5
Univ Teknol Brunei,0.5
Jinan Univ,0.5
MeMo2,0.5
Natl Hlth Res Inst,0.5
No Kentucky Univ,0.5
La Salle Univ,0.5
La Trobe Univ,0.5
Lake Forest Coll,0.5
Media & Future Inst,0.5
Hongik Univ,0.5
Jama Hosp Med Ctr,0.5
Leibniz Inst Wissensmedien,0.5
Norwegian Sch Management BI,0.5
Leidos,0.5
Management Dev Inst,0.5
Natl Acad Sci,0.5
Norwegian Univ Sci & Technol NTNU,0.5
Notre Dame Univ Louaize,0.5
New York Off Hall & Partners,0.5
Natl Chung Hsing Univ,0.5
Murray State Univ,0.5
Jonkoping Univ,0.5
Independent Consultant Diplomacy Global Hlth,0.5
Natl Inst Publ Hlth & Environm,0.5
Millikin Univ,0.5
Natl Lib Med,0.5
Natl Polytech Inst IPN,0.5
Natl Ctr Sci Res,0.5
Incheon Natl Univ,0.5
Univ Tubingen,0.5
Missouri Sch Journalism,0.5
Natl Taiwan Normal Univ,0.5
Korea Informat Soc Dev Inst,0.5
Inst Behav & Community Hlth,0.5
Miami Univ Ohio,0.5
Joint Program Survey Methodol,0.5
Kent State Univ Stark,0.5
Kirkwood Community Coll,0.5
Netherlands Inst Adv Studies,0.5
IESE,0.5
Koc Univ,0.5
Johns Hopkins Sch Publ Hlth,0.5
Malone Univ,0.5
Millsaps Coll,0.5
Univ W Georgia,0.5
Off Hlth Status Monitoring,0.5
Hlth & Dev Fdn,0.5
Iona Coll,0.5
Ohio States Sch Commun,0.5
Int Ctr Res Women,0.5
Lingnan Univ,0.5
JKL Grp,0.5
NA Global Hlth Serv,0.5
Univ Texas Med Sch Houston,0.5
NC State Univ,0.5
NCES,0.5
Oklahoma State Univ,0.5
Univ Virginias Coll Wise,0.5
Musashi Univ,0.5
Linnaeus Univ,0.5
Heartfile,0.5
Macro Int Inc,0.5
Ludwig Maximilian Univ Munich,0.5
LogMeIn,0.5
Univ Texas Pan Amer,0.5
Univ Stuttgart Hohenheim,0.5
N Cent Coll,0.5
Utah State Univ,0.4928571428571429
Kaiser Permanente No Calif,0.48951048951048953
Univ Innsbruck,0.47619047619047616
Rensselaer Polytech Inst,0.47619047619047616
Univ Laval,0.47619047619047616
Med Univ S Carolina,0.4666666666666667
Univ Guelph,0.4583333333333333
Save Children,0.45
Kantar Publ,0.45
Thomas Jefferson Univ,0.45
Gachon Univ,0.45
Mahidol Univ,0.4444444444444444
Univ Udine,0.4444444444444444
Shenzhen Univ,0.42857142857142855
Weill Cornell Med Qatar,0.42857142857142855
UNICEF Liberia,0.42857142857142855
Med Coll Georgia,0.42857142857142855
IDIAP Primary Care Res Inst Jordi Gol,0.42857142857142855
Hawthorne Educ Ctr,0.42857142857142855
D Tree Int,0.42857142857142855
Vrije Univ Brussel,0.4242424242424242
FHI360,0.4242424242424242
Bruce W Carter Miami VA Geriatr Res Educ & Clin C,0.41666666666666663
Amer Univ Beirut,0.41666666666666663
Albany Coll Pharm & Hlth Sci,0.41666666666666663
Vanderbilt Ingram Canc Ctr,0.41666666666666663
Brigham & Womens Hosp,0.4040404040404041
Netherlands Inst Mental Hlth & Addict,0.4
Roskilde Univ,0.4
Eugene M Lang Fdn,0.4
Ctr Commun Programs,0.4
UC Santa Barbara,0.4
Helsinki Inst Informat Technol,0.4
Winston Salem State Univ,0.4
ISIS Inc,0.4
Text Change,0.4
Vet Affairs Palo Alto Hlth Care Syst,0.4
Med Univ South Carolina,0.4
EverFi Inc,0.4
Outside Classroom Inc,0.4
Univ La Sabana,0.4
Illawarra Shoalhaven Local Hlth Dist,0.4
USA,0.4
Fielding Grad Univ,0.4
Berkman Ctr Internet & Soc,0.4
Clalit Hlth Serv,0.4
Union Cty Hlth Dept,0.4
Dev Consultants,0.4
Calif State Univ Los Angeles,0.39285714285714285
Associated Press,0.39285714285714285
Univ Texas Houston,0.38888888888888884
Huntsman Canc Inst,0.37896825396825395
Natl Inst Publ Hlth & Environm RIVM,0.37662337662337664
Univ Dusseldorf,0.375
Niagara Univ,0.375
New York State Psychiat Inst & Hosp,0.375
Chinese Ctr Dis Control & Prevent,0.3666666666666667
Leukemia & Lymphoma Soc,0.3666666666666667
Univ Texas Hlth Sci Ctr Houston,0.3666666666666667
Boston VA Healthcare Syst,0.36363636363636365
Med Coll Wisconsin,0.35324675324675325
Int Vaccine Inst,0.3529411764705882
Sun Yat Sen Univ,0.35
Amer Canc Soc,0.3484848484848485
Gretchen Swanson Ctr Nutr,0.34285714285714286
Sierra Leone Minist Hlth & Sanitat,0.34285714285714286
SUNY Coll Geneseo,0.34285714285714286
Disney Media & Advertising Lab,0.3333333333333333
Jozef Stefan Inst,0.3333333333333333
Sungshin Womens Univ,0.3333333333333333
Texas AM Univ,0.3333333333333333
Hasselt Univ,0.3333333333333333
Iowa City Vet Adm Med Ctr,0.3333333333333333
Colorado Coll,0.3333333333333333
Suffolk Univ,0.3333333333333333
Strayer Univ,0.3333333333333333
Telligent Syst,0.3333333333333333
Unilever,0.3333333333333333
TNS BMRB,0.3333333333333333
WE Commun,0.3333333333333333
Surendranath Coll Women,0.3333333333333333
Corp Execut Board,0.3333333333333333
Johns Hopkins Univ Hosp,0.3333333333333333
Deloitte Oslo,0.3333333333333333
Jacksonville Univ,0.3333333333333333
UCSB,0.3333333333333333
TBWA KOREA,0.3333333333333333
Dalhousie Univ,0.3333333333333333
John Deere Credit,0.3333333333333333
Connected Act Consulting Grp,0.3333333333333333
Jean Capps Associates,0.3333333333333333
Concordia Univ Wisconsin,0.3333333333333333
Telenor,0.3333333333333333
Tokyo Fuji Univ,0.3333333333333333
TNS NIPO,0.3333333333333333
US Bur Labor Stat,0.3333333333333333
Morristown Med Ctr,0.3333333333333333
Ctr Innovat Publ Hlth Res CiPHR,0.3333333333333333
JobsCent Pte Ltd,0.3333333333333333
US Census Bur,0.3333333333333333
Texas State Univ San Marcos,0.3333333333333333
Tech Univ Darmstadt,0.3333333333333333
Univ Chester,0.3333333333333333
Millward Brown Singapore,0.3333333333333333
Barcelona Media Innovat Ctr,0.3333333333333333
Lille Norde France Univ,0.3333333333333333
Yezreel Valley Coll,0.3333333333333333
Univ Lleida,0.3333333333333333
Univ Ljubljana,0.3333333333333333
Auckland Univ Technol,0.3333333333333333
Audencia Business Sch,0.3333333333333333
Univ Johannesburg,0.3333333333333333
Univ Ilorin,0.3333333333333333
MMY Digital,0.3333333333333333
Management Sci Hlth Malawi,0.3333333333333333
Univ Houston Clear Lake,0.3333333333333333
Lasell Coll,0.3333333333333333
World Hlth Org Reg Off Europe,0.3333333333333333
LINK Inst,0.3333333333333333
LARS Res Inst Inc,0.3333333333333333
Max Planck Inst Human Dev,0.3333333333333333
Univ Los Andes,0.3333333333333333
Anheuser Busch InBev,0.3333333333333333
World Hlth Commun Associates,0.3333333333333333
Aichi Shukutoku Univ,0.3333333333333333
AID,0.3333333333333333
Univ Nebraska Kearney,0.3333333333333333
Aalto Univ Sch Business,0.3333333333333333
Univ Montevallo,0.3333333333333333
Adolfo Ibanez Univ,0.3333333333333333
Zalando GmbH,0.3333333333333333
Agr & Mech Coll,0.3333333333333333
Zagreb Sch Econ & Management,0.3333333333333333
Andong Natl Univ,0.3333333333333333
Univ Miguel Hernandez,0.3333333333333333
Univ Michigan Flint,0.3333333333333333
Youngsan Univ,0.3333333333333333
Amer Assoc Coll Pharm,0.3333333333333333
Amer Coll Greece,0.3333333333333333
Amer Coll Physicians,0.3333333333333333
Univ Lyon,0.3333333333333333
Univ Gottingen,0.3333333333333333
LABACC Consumer Behav Anal Lab,0.3333333333333333
Univ Abat Oliba CEU,0.3333333333333333
Catholic Univ Louvain,0.3333333333333333
Calif Lutheran Univ,0.3333333333333333
Wichita State Univ,0.3333333333333333
Microsoft Corp,0.3333333333333333
Cardiff Business Sch,0.3333333333333333
Cardinal Tien Coll Nursing,0.3333333333333333
Midamer Christian Univ,0.3333333333333333
Catholic Univ Lille,0.3333333333333333
Catholic Univ Mons FUCAM,0.3333333333333333
Kennesaw State Univ,0.3333333333333333
Univ Benin,0.3333333333333333
Middlesex Univ,0.3333333333333333
Midwest Assoc Publ Opin Res,0.3333333333333333
Childrens Mem Hosp,0.3333333333333333
Western Connecticut State Univ,0.3333333333333333
Chosun Univ,0.3333333333333333
KT Corp,0.3333333333333333
William Paterson Univ,0.3333333333333333
CRE Consulting,0.3333333333333333
Univ Glamorgan,0.3333333333333333
Med Res Ctr,0.3333333333333333
Kyungsung Univ,0.3333333333333333
Bishops Univ,0.3333333333333333
Kyungpook Natl Univ,0.3333333333333333
Boiarsky Consulting,0.3333333333333333
Kwansei Gakuin Univ,0.3333333333333333
Kuwait Univ,0.3333333333333333
Brazilian Natl Canc Inst,0.3333333333333333
Worcester State Univ,0.3333333333333333
Kobe Univ,0.3333333333333333
Woosuk Univ,0.3333333333333333
Univ Technol Ilmenau,0.3333333333333333
Univ Constance,0.3333333333333333
Brookings Inst,0.3333333333333333
Kunming Med Coll,0.3333333333333333
Menlo Coll,0.3333333333333333
Univ Coll Limburg,0.3333333333333333
Duke Clin Res Inst,0.3333333333333333
Los Angeles Cty Dept Publ Hlth,0.3333333333333333
HIV Ctr Clin & Behav Studies,0.3333333333333333
Samford Univ,0.3333333333333333
Natl Ctr Hlth Stat,0.3333333333333333
Harvard Sch Publ Hlth,0.3333333333333333
Frostburg State Univ,0.3333333333333333
Louisiana State Univ & Agr & Mech Coll,0.3333333333333333
Remin Univ China,0.3333333333333333
Oberlin Coll,0.3333333333333333
High Point Univ,0.3333333333333333
Haron Njiru Consulting,0.3333333333333333
Norwegian Sch Econ & Business Adm,0.3333333333333333
Seinan Gakuin Univ,0.3333333333333333
Free Univ Bozen Bolzano,0.3333333333333333
Natl Canc Ctr,0.3333333333333333
Royal Holloway Univ London,0.3333333333333333
INSEEC Business Sch,0.3333333333333333
Univ Seoul,0.3333333333333333
Nice Sophia Antipolis Univ,0.3333333333333333
Int Commun Assoc ICA,0.3333333333333333
Vital Inst,0.3333333333333333
Univ S Denmark,0.3333333333333333
Gallup Org Inc,0.3333333333333333
Res Fdn Flanders FWO,0.3333333333333333
Everett Grp LLC,0.3333333333333333
Harper Coll,0.3333333333333333
Scottsdale Healthcare Hosp,0.3333333333333333
Sci Po Paris,0.3333333333333333
P2P Lab,0.3333333333333333
Great Lakes Inst Management,0.3333333333333333
PCM Media,0.3333333333333333
Hokkaido Univ,0.3333333333333333
ABC News,0.3333333333333333
Robert Wood Johnson Univ Hosp,0.3333333333333333
Univ Publ Navarra,0.3333333333333333
Grand Valley State Univ,0.3333333333333333
Univ Sci & Technol,0.3333333333333333
Envirofit,0.3333333333333333
Univ Portland,0.3333333333333333
Ounce Prevent Fund Florida,0.3333333333333333
Vestfold Univ Coll,0.3333333333333333
Univ Stavanger,0.3333333333333333
Univ S Florida Polytech,0.3333333333333333
Econ & Management Res Lab KT,0.3333333333333333
IAM Business Consulting,0.3333333333333333
VA Puget Sound Hlth Care Syst,0.3333333333333333
Norris Cotton Canc Ctr,0.3333333333333333
SUNY Alfred,0.3333333333333333
Hugh Downs Sch Human Commun,0.3333333333333333
Flemish Minist Educ & Training,0.3333333333333333
Palo Alto Res Ctr,0.3333333333333333
SIM Univ UniSIM,0.3333333333333333
EDHEC Business Sch,0.3333333333333333
NIPO Software,0.3333333333333333
Univ Strathclyde,0.3333333333333333
Natl Univ Ireland,0.3333333333333333
SKEMA Business Sch,0.3333333333333333
Univ Zagreb,0.3333333333333333
Paris Est Creteil Val Marne Univ,0.3333333333333333
Vienna Univ Econ & Business Adm,0.3333333333333333
Duquesne Univ,0.3333333333333333
Hosp Author,0.3333333333333333
Posit Thinking Ltd,0.3333333333333333
Global Communities,0.3333333333333333
NM Voices Children,0.3333333333333333
NW Frontier Prov,0.3333333333333333
Fontys Univ Appl Sci,0.3333333333333333
ESVAK Community Dev Initiat,0.3333333333333333
Nielsen Co Korea,0.3333333333333333
Natl Univ,0.3333333333333333
"Nieuwe Achtergracht 166,POB 15791",0.3333333333333333
Hamline Univ,0.3333333333333333
Eastern Univ,0.3333333333333333
Nanjing Univ Finance & Econ,0.3333333333333333
East Texas Baptist Univ,0.3333333333333333
Ferris State Univ,0.3333333333333333
SUNY Binghamton,0.3333333333333333
Noom Inc,0.3333333333333333
Southern Methodist Univ,0.3333333333333333
Southern Utah Univ,0.3333333333333333
Oswaldo Cruz Fdn FIOCRUZ,0.3333333333333333
St Barnabas Hosp,0.3333333333333333
Human Language Technol,0.3333333333333333
HealthPartners Res Fdn,0.3333333333333333
Fund Sci Res Flanders FWO,0.3333333333333333
Univ Paris 05,0.3142857142857143
Univ Navarra,0.3111111111111111
Univ Massachusetts Med Sch,0.3076923076923077
Cork Univ Hosp,0.30000000000000004
INED,0.30000000000000004
Links Inc,0.30000000000000004
Univ Ghana,0.29166666666666663
Patient Ctr Outcomes Res Inst,0.29166666666666663
Univ Madison Wisconsin,0.2857142857142857
Africare Liberia,0.2857142857142857
EverFi Co,0.2857142857142857
Wuhan Univ,0.2857142857142857
James Madison Univ,0.2857142857142857
Natl Commun Assoc NCA,0.2857142857142857
Acad Med Ctr,0.2857142857142857
Leuven Sch Mass Commun Res,0.2857142857142857
Outside Classroom,0.2857142857142857
Emory Univ Sch Med,0.28181818181818186
China Minist Hlth,0.2727272727272727
Renmin Univ,0.2727272727272727
Millennium Villages Project,0.2727272727272727
Johns Hopkins Sch Med,0.27142857142857146
Ctr Medicare & Medicaid Serv,0.25396825396825395
San Francisco Gen Hosp & Trauma Ctr,0.25396825396825395
Alfred Univ,0.25396825396825395
Aptima Inc,0.25
GfK Belgium,0.25
Yale Rudd Ctr Obes & Food Policy,0.25
Univ Sains Malaysia,0.25
North Carolina Cent Univ,0.25
Humana,0.25
S Dakota State Univ,0.25
Policy Prod,0.25
Grad Univ Adv Studies,0.25
Hlth Policy Solut,0.25
Annenberg Publ Policy Ctr,0.25
Natl Taiwan Univ Sci & Technol,0.25
SEO Econ Res,0.25
Pusan Natl Univ,0.25
Mansfield Univ,0.25
Glendale Community Coll,0.25
Univ Santa Clara,0.25
North Cent Coll,0.25
Microsoft Res New York City,0.25
ICREA,0.25
Bol Com,0.25
Hollands Kroon,0.25
Brookdale Community Coll,0.25
Responsible Retailing Forum Inc,0.25
Plymouth Univ,0.25
IDinsight,0.25
Futures Grp Inc,0.25
Grp Hlth Cooperat Puget Sound,0.25
Univ Cent Oklahoma,0.25
Univ Insubria,0.25
Austin Community Coll,0.25
Augusta Univ,0.25
Brenau Univ,0.25
Univ Inst Lisbon ISCTE IUL,0.25
Rotterdam Univ Profess Educ,0.25
Brandeis Univ,0.25
Wisconsin Acad Sci Arts & Letters,0.25
Malmo Univ Hosp,0.25
BrandNewDay,0.25
Georgia Gwinnett Coll,0.25
Univ Erlangen Nurnberg,0.25
YMCA Metropolitan Atlanta,0.25
Franklin Sq Hosp Ctr,0.25
Respondent Cooperat CMOR,0.25
WZB Berlin Social Sci Ctr,0.25
Cent Connecticut State Univ,0.25
Corp Mr Fixit,0.25
Access Wholist & Prod Living Inc,0.25
Elca,0.25
Ackmann & Dickenson Inc,0.25
DEFACTUM Publ Hlth & Hlth Serv Res,0.25
Natl Cent Univ,0.25
Univ Plymouth,0.25
Singapore Univ Technol & Design,0.25
Singapore Inst Technol,0.25
Ctr Univ FEI,0.25
Tohoku Gakuin Univ,0.25
Univ Mobile,0.25
Lisbon Univ Inst,0.25
Ctr Juvenile & Criminal Justice,0.25
Ctr Justice & Crime Prevent,0.25
Olin Hlth Ctr,0.25
Sheffield Hallam Univ,0.25
Virginia Tech Univ,0.25
Terra Nova Learning Syst,0.25
Dartmouth Hitchcock Med Ctr,0.25
Data & Soc Res Inst,0.25
AT&T Labs Res,0.25
State Farm Mutual Automobile Insurance Co,0.25
Dowling Coll,0.25
Stoneybrook Univ,0.25
NIAS,0.25
Stryker Corp,0.25
St Marys Coll Maryland,0.25
Louisiana Tech Univ,0.25
Discovery Commun,0.25
Soochow Univ,0.25
ELCA Estee Lauder Clin Aramis Korea,0.25
St Leo Univ,0.25
St Joseph Hosp,0.25
NW Missouri State Univ,0.25
Southampton Stat Sci Res Inst,0.25
Tata Inst Social Sci,0.25
Univ N Dakota,0.25
Natl Commun Assoc,0.25
Ctr Format & Rech Sante Reprod,0.25
Open Univ Netherlands,0.25
Hanover Univ Mus & Drama,0.25
Seoul Welf Fdn,0.25
Indiana State Univ,0.25
Hong Kong Soc Rehabil,0.25
Amazon Lending,0.25
Fayetteville State Univ,0.25
Fed Reserve Board,0.25
Chuang Ang Univ,0.25
Ontario Inst Technol,0.25
Univ North Carolina Sch Pharm,0.25
Lutheran Family Hlth Ctr,0.25
LinkedIn,0.25
China Populat & Dev Res Ctr,0.25
Amer Publ Hlth Assoc,0.25
Villanova Sch Business,0.25
Childrens Hosp,0.25
Impact Carbon,0.25
Minnesota Populat Ctr,0.25
Govt India,0.25
United Cerebral Palsy Greater Birmingham,0.25
Inha Univ,0.25
Copenhagen Univ Hosp,0.25
Monmouth Univ,0.25
Mokwon Univ,0.25
Mkt Syst Grp MSG,0.25
Univ Prince Edward Isl,0.25
Sch Business Adm,0.25
Joint United Nations Programme HIV AIDS,0.25
Commun Initiat,0.25
PROVOKE,0.25
Univ North Texas Hlth Sci Ctr,0.25
Univ Miami Miller Sch Med,0.25
Indianan Univ,0.25
Mikonics Inc,0.2361111111111111
Louisiana State Univ Hlth Sci Ctr Shreveport,0.23376623376623376
Cleveland Clin,0.22916666666666666
Botswana UPenn Partnership,0.22580645161290322
AIRS City Steps,0.2222222222222222
Chiang Mai Univ,0.2222222222222222
Acad Coll Emek Yezreel,0.2222222222222222
Sentient Res,0.2222222222222222
Mission Hosp Outpatient Clin Pharm Serv,0.2222222222222222
Univ Padua,0.2222222222222222
Harvard Med Sch,0.2222222222222222
Youth Speaks,0.2222222222222222
German Canc Soc,0.2222222222222222
Natl Acad Med,0.2222222222222222
Dartmouth Inst Hlth Policy & Clin Practice,0.2222222222222222
NHLBI,0.2159090909090909
Colorado Sch Publ Hlth,0.21428571428571427
Ft Hays State Univ,0.2111111111111111
KIPP Cent City Primary,0.2
Airlangga Univ,0.2
Eunice Kennedy Shriver Natl Inst Child Hlth & Hum,0.2
UK Deptartment Business Innovat & Skills BIS,0.2
Seattle & King Cty,0.2
US Agcy Int Dev,0.2
Univ Michigan Hlth Syst,0.2
USDA NASS,0.2
Cometrika,0.2
Coll Management,0.2
Young Harris Coll,0.2
Imi Hale Native Hawaiian Canc Network,0.2
Miriam Hosp,0.2
Univ Washington Sch Med,0.2
Univ St Andrews,0.2
Univ Massachusetts Amherst,0.2
Univ Appl Sci NW Switzerland,0.2
Olymp Broadcasting Serv,0.2
Chinese Culture Univ,0.2
Western Galilee Coll,0.2
Bentley Coll,0.2
Univ Lusofona Humanidades & Tecnol,0.2
Inst Etudes Polit,0.2
VA Pittsburgh Hlth Care Syst,0.2
Harvard Grad Sch Educ,0.2
Inst Nacl Salud Publ,0.2
Louisiana State Univ Hlth Sci Ctr,0.2
Organizing Amer,0.2
State Univ Rio de Janeiro UFRJ,0.2
Dutch Minist Secur & Justice,0.2
Sunshine High Sch,0.2
Univ Naples Parthenope,0.2
NEP Broadcasting,0.2
Univ Nancy 2,0.2
SurveyMonkey,0.2
ENRM VA Hosp,0.2
Southwest Airlines,0.2
Jackson State Univ,0.2
Univ N Carolina Chapel Hill,0.2
London Sch Hyg & Trop Med,0.2
Sony Pictures,0.2
Daegu Univ,0.2
Daegu Gyeongbuk Inst Sci & Technol,0.2
Texas Dept State Hlth Serv,0.2
Ottawa Hosp,0.2
Empir Commun & Technol Res,0.2
Harvard Sch Dent Med,0.2
Amer Soc Hlth Syst Pharmacists Res & Educ Fdn,0.2
STIVORO,0.2
Hlth & Community Serv Workforce Council,0.2
Univ Scranton,0.2
Ketchum Argentina,0.2
CDFU,0.2
Univ Wisconsin La Crosse,0.2
Univ La Laguna,0.2
C R Res,0.2
Univ Kiel,0.2
Vet Affairs Ctr Management Complex Chron Care,0.2
Konyang Univ,0.2
Richard Stockton Coll New Jersey,0.2
New York Hosp,0.2
Oakland Med Ctr,0.2
Nusa Tenggara Timur Prov Hlth Off,0.2
Rhein Westfal TH Aachen,0.2
Restless Dev,0.2
Res Inst Ind Econ,0.2
Regenstrief Inst Hlth Care,0.2
Univ Fed Rio de Janeiro,0.2
Univ Illinois Hosp & Hlth Sci Syst,0.2
Univ Illinois Coll Pharm,0.2
Gift Hope Organ & Tissue Donor Network,0.2
Berlin Univ Arts,0.2
Univ Hartford,0.2
Univ Hawaii Canc Ctr,0.2
Windward Community Coll,0.2
CESP,0.2
Fred Hutchinson Canc Res Ctr,0.2
Lievensberg Hosp,0.2
Centrix,0.2
Focus 1000,0.2
Kansas City Area Educ Res Consortium,0.2
Oklahoma Tax Commiss,0.2
Penn Dept Hlth,0.2
Caring Hlth Ctr,0.2
Penn State Hershey Childrens Hosp,0.2
People & Press,0.2
Microsoft Res Israel,0.2
Canadian Fitness & Lifestyle Res Inst,0.2
Antwerp Management Sch,0.2
Mercy Univ Hosp Cork,0.2
Cambridge Hlth Alliance,0.2
Fordham Business Sch,0.2
Univ Massachusetts Lowell,0.19444444444444442
Bravo Hlth Adv Care Ctr,0.19444444444444442
Stroger Hosp,0.19090909090909092
GESIS,0.19047619047619047
Kaiser Permanente Midatlantic States,0.18803418803418803
Chaim Sheba Med Ctr,0.18181818181818182
Ctr Outcomes Res & Evaluat,0.17692307692307693
Univ Nottingham Ningbo,0.16666666666666666
Washington Post,0.16666666666666666
Univ Toledo,0.16666666666666666
Urban Policy Strategies LLC,0.16666666666666666
Univ Toronto Mississauga,0.16666666666666666
Virtual Media Resources,0.16666666666666666
Westat India,0.16666666666666666
Univ North Carolina Hlth Care,0.16666666666666666
Yale Canc Ctr,0.16666666666666666
Waldorf Coll,0.16666666666666666
Univ Texas Sch Publ Hlth Houston,0.16666666666666666
New Sch,0.16666666666666666
REAL Prevent,0.16666666666666666
Cabrini Hosp,0.16666666666666666
Optum Inst,0.16666666666666666
ESADE Business Sch,0.16666666666666666
Cty San Diego Hlth & Human Serv Agcy,0.16666666666666666
Plymouth Business Sch,0.16666666666666666
Portland VA Med Ctr,0.16666666666666666
RAND Europe,0.16666666666666666
Randstad Hospitality,0.16666666666666666
Connell Sch Nursing,0.16666666666666666
Res Fdn Flanders,0.16666666666666666
Commonwealth Sci & Ind Res Org CSIRO,0.16666666666666666
Rockmelt Inc,0.16666666666666666
Chulalongkorn Univ,0.16666666666666666
Christopher Newport Univ,0.16666666666666666
SAIC Frederick Inc,0.16666666666666666
Saket Community Ctr,0.16666666666666666
Salt Lake City VA Ctr Informat Decis Enhancement,0.16666666666666666
Cal Poly Pomona,0.16666666666666666
Seton Hall Univ,0.16666666666666666
Siena Coll,0.16666666666666666
Northwestern Med Fac Fdn,0.16666666666666666
Natl Publ Hlth Inst,0.16666666666666666
Natl Inst Publ Hlth,0.16666666666666666
Higher Inst Family Sci,0.16666666666666666
James A Haley VA Hosp,0.16666666666666666
Univ Nairobi,0.16666666666666666
Leukemia Lymphoma Soc,0.16666666666666666
Loyola Coll Social Sci,0.16666666666666666
Hsch Ruhr West Univ Appl Sci,0.16666666666666666
Maryland Multicultural Youth Ctr,0.16666666666666666
Matthew Walker Community Hlth Ctr,0.16666666666666666
Hlth Resources Act,0.16666666666666666
Media Hlth,0.16666666666666666
Natl Dev & Res Inst Inc,0.16666666666666666
GimpGirl Community,0.16666666666666666
GfK Custom Res N Amer,0.16666666666666666
Georgia Div Publ Hlth,0.16666666666666666
Mt Sinai Beth Israel,0.16666666666666666
Mt Sinai St Lukes Roosevelt,0.16666666666666666
Fujian Ctr Dis Control & Prevent,0.16666666666666666
Focusing Int,0.16666666666666666
Natl Commun Commiss,0.16666666666666666
Sinai Sch Med,0.16666666666666666
KEPCO Int Nucl Grad Sch,0.16666666666666666
UNICEF India Country Off,0.16666666666666666
Tennessee State Univ,0.16666666666666666
Univ Bristol,0.16666666666666666
Antwerp Univ,0.16666666666666666
BBC World Serv Trust,0.16666666666666666
Bamberg Univ,0.16666666666666666
Trimbos Inst,0.16666666666666666
Tech Univ Munich,0.16666666666666666
Alkermes Inc,0.16666666666666666
TNS,0.16666666666666666
United Nations Environm Programme,0.16666666666666666
Appl Mkt Sci,0.16666666666666666
Alfred Hosp,0.16666666666666666
Union Univ,0.16666666666666666
Boston Med Ctr,0.16666666666666666
Union Coll,0.16666666666666666
Artevelde Hgsk,0.16666666666666666
Bur Publ Hlth,0.16666666666666666
St Norbert Coll,0.16666666666666666
Asia Res Inst,0.16666666666666666
UMass Donahue Inst,0.16666666666666666
UNC Lineberger Comprehens Canc Ctr,0.16666666666666666
South Carolina Tobacco Free Collaborat,0.16666666666666666
SpringAhead Inc,0.16666666666666666
South Texas Vet Healthcare Syst,0.16666666666666666
Morgridge Inst Res,0.14285714285714285
German Inst Econ Res,0.14285714285714285
Fuller Theol Seminary,0.14285714285714285
Hamad Med Corp,0.14285714285714285
Associated Press NORC Ctr Publ Affairs Res,0.14285714285714285
Anthrologica,0.14285714285714285
South Carolina Contracept Access Campaign,0.14285714285714285
Max Planck Inst,0.14285714285714285
Linda Creed Breast Canc Fdn,0.14285714285714285
Zero Breast Canc,0.14285714285714285
Univ Lubeck,0.14285714285714285
Int Federat Gynecol & Obstet,0.14285714285714285
Inst Univ Cardiol & Pneumol Quebec,0.14285714285714285
Albion Coll,0.14285714285714285
Levi Eshkol Inst Econ Social & Polit Res,0.14285714285714285
LinChiat Chang Consulting LLC,0.14285714285714285
Indiana Univ Sch Med,0.14285714285714285
Matt Berent Consulting,0.14285714285714285
Indiana Univ Northwest,0.14285714285714285
Lutheran Community Ctr,0.14285714285714285
Ifakara Hlth Inst,0.14285714285714285
INRS Inst Armand Frappier,0.14285714285714285
Howard Brown Hlth Ctr,0.14285714285714285
Natl Consortium Study Terrorism & Responses Terro,0.14285714285714285
Hlth Serv Advisory Grp,0.14285714285714285
Hop Necker Enfants Malad,0.14285714285714285
Fac Social Sci,0.14285714285714285
Univ Nebraska Med Ctr,0.14285714285714285
Troy Univ,0.14285714285714285
Rivera Grp LLC,0.14285714285714285
Ctr Community Child Hlth Res,0.14285714285714285
John Snow Inc,0.14285714285714285
Quebec Forme,0.14285714285714285
UNICEF India,0.14285714285714285
Ctr Hosp Univ Montreal,0.14285714285714285
Ctr Human & Social Sci,0.14285714285714285
Bo Social Mobilizat Team,0.14285714285714285
Washington Hosp Ctr,0.14285714285714285
Ctr Human Nutr,0.14285714285714285
Bell South,0.14285714285714285
SRI Int Inc,0.14285714285714285
SUNY Coll Oneonta,0.14285714285714285
Voxiva Inc,0.14285714285714285
Augsburg Coll,0.14285714285714285
Campus Edge Advisors LLC,0.14285714285714285
NorthShore Univ HealthSyst,0.14285714285714285
Calif Diabet Program,0.14285714285714285
Sci Inst Hematol & Oncol,0.14285714285714285
Fdn Lucie & Andre Chagnon,0.14285714285714285
Oulu Deaconess Inst,0.13333333333333333
British Telecommun PLC,0.125
Cardinal Stefan Wyszynski Univ,0.125
Campbell Univ,0.125
Birmingham Atlanta VA Geriatr Res Educ & Clin Ctr,0.125
Calif State Univ Hayward,0.125
Indian Hlth Serv,0.125
Firepower Design Co,0.125
Community Minist Prince Georges Cty,0.125
World Vis Int,0.125
Alliance Safe Online Pharm,0.125
Amsterdam Sch Commun Res ASCoR,0.125
Hlth Literacy Missouri,0.125
Henry Ford Hosp,0.125
Delaware State Univ,0.125
Eastern Hlth,0.125
Atlanta VA Rehabil Res & Dev Ctr,0.125
Vet Affairs Connecticut Healthcare Syst,0.125
Econometrica Inc,0.125
Vet Affairs Med Ctr,0.125
Vista Community Clin,0.125
Ctr Comprehens Care,0.125
JO Frempong & Associates Inc,0.125
iMinds,0.125
MARCH Zambia,0.125
ResearchWorks,0.125
Royal Childrens Hosp,0.125
Natl Sci Fdn,0.125
NIDA,0.125
NESCoR,0.125
Municipal Publ Hlth Serv,0.125
Montgomery Coll,0.125
Steno Diabet Ctr,0.125
TNO Qual Life,0.125
McKesson Fdn,0.125
Max Planck Inst Demog Res,0.125
Marshall Univ,0.125
US Dept State,0.125
Populat Council Mexico,0.125
Univ Elect Sci & Technol China,0.125
Kaiser Permanente Georgia,0.125
HSR&D Ctr,0.11764705882352941
Pfizer Inc,0.11764705882352941
Louisville Ctr,0.1111111111111111
Mission Hosp Dept Pharm,0.1111111111111111
Mission Hosp Res Inst,0.1111111111111111
MEE Prod Inc,0.1111111111111111
Geisinger Hlth Syst,0.1111111111111111
CSN & Assoc Co Ltd,0.1111111111111111
CSN & Associates Co Ltd,0.1111111111111111
Sci Ctr Berlin Social Res,0.1111111111111111
Sasha Bruce Youthwork,0.1111111111111111
Chinese Ctr Hlth Educ,0.1111111111111111
Google,0.1111111111111111
Palestinian Ctr Policy & Survey Res,0.1111111111111111
Palestinian Ctr Polity & Survey Res,0.1111111111111111
Vytautas Magnus Univ,0.1111111111111111
Dublin City Univ,0.1111111111111111
Ruder Finn Inc,0.1111111111111111
Jesse Brown VA Med Ctr,0.1111111111111111
Community Rehabil Network,0.1111111111111111
Rajanukul Inst,0.1111111111111111
Puerto Rico Dept Hlth,0.1111111111111111
Ctr Studies Serv,0.1111111111111111
Univ Educ,0.1111111111111111
Univ Nicosia,0.1111111111111111
Twitter,0.1111111111111111
Harris Hlth Syst,0.1111111111111111
HealthForumOnline,0.1111111111111111
Med Afrique,0.1111111111111111
TWGHs Fung Yiu King Hosp,0.1111111111111111
Thailand Minist Publ Hlth,0.1111111111111111
Temple Univ Sch Med,0.1111111111111111
MedStar Phys Partners,0.1111111111111111
Human Resources Res Org,0.1111111111111111
IAB,0.1111111111111111
Madison Hlth Resource Commiss,0.1
Univ Alaska Anchorage,0.1
Adam Mickiewicz Univ,0.1
INSERM,0.1
Sarasota Cty Lib,0.1
Natl Inst Demog Res INED,0.1
Pontificia Univ Catolica Valparaiso,0.1
Wichita Community Clin Oncol Program,0.1
Smilow Canc Hosp Yale New Haven,0.1
GOAL,0.1
Grimes St Joseph,0.1
Grp Hlth Res Inst,0.1
Mercy Univ Hosp,0.1
Hematol Oncol Associates Cent New York,0.1
Univ Paris Sud,0.1
Belmont Univ Sch Pharm,0.1
Univ Victoria,0.1
Choices Int Fdn,0.09090909090909091
Univ North Carolina Eshelman Sch Pharm,0.09090909090909091
Australian Govt,0.09090909090909091
Univ Delhi,0.09090909090909091
Unilever Food & Hlth Res Inst,0.09090909090909091
Stat Sweden,0.09090909090909091
Coeus Hlth,0.09090909090909091
SalterMitchell Mkt Change,0.09090909090909091
Zablocki VA Med Ctr,0.09090909090909091
UCSF Ctr Hlth & Community,0.09090909090909091
Steinberg Comp,0.09090909090909091
US Dept Hlth & Human Serv,0.09090909090909091
Stephanie Ferisin Hlth & Wellness,0.09090909090909091
Christiana Care Hlth Syst,0.09090909090909091
Joint Commiss,0.09090909090909091
Ctr Med Publ Interest,0.09090909090909091
Denver Hlth & Hosp Author,0.09090909090909091
Energy & Resources Inst,0.09090909090909091
Kaiser Permanente Ctr Hlth Res,0.09090909090909091
GfK Panel Serv Benelux BV,0.09090909090909091
VA Tennessee Valley Hlth Syst,0.09090909090909091
Millennium Dev Goal Ctr W Africa,0.09090909090909091
Dilts Partners LLC,0.09090909090909091
Harvard Pilgrim Hlth Care Inst,0.09090909090909091
Harvard Vanguard Med Associates,0.09090909090909091
HumanGeo Grp,0.09090909090909091
Univ Texas Houston Sch Publ Hlth,0.09090909090909091
Philadelphia VA Med Ctr,0.09090909090909091
Internet Serv Grp,0.09090909090909091
Iowa City VAMC,0.09090909090909091
Natl Inst Minor Hlth & Hlth Dispar,0.09090909090909091
Univ Texas Hlth Sci Ctr,0.08333333333333333
Hofstra North Shore LIJ Sch Med,0.08333333333333333
Feinstein Inst Med Res,0.08333333333333333
Loop AI Labs,0.08333333333333333
Interactions Corp,0.08333333333333333
Bronx New York Harbor GRECC,0.08333333333333333
Bruce W Carter Miami VA Med Ctr,0.08333333333333333
CUNY City Coll,0.08333333333333333
Univ Miami Coll Engn,0.08333333333333333
Gallagher & Associates,0.08333333333333333
Jackson Mem Hosp,0.08333333333333333
ACCESS Community Hlth Network,0.08333333333333333
Jonsson Comprehens Canc Ctr,0.08333333333333333
Jesse Brown Vet Affairs Med Ctr,0.08333333333333333
Charles River Associates Inc,0.07692307692307693
Ctr Trauma,0.07692307692307693
Kaiser South San Francisco,0.07692307692307693
Greater Los Angeles Healthcare Syst,0.07692307692307693
Natl Ctr Educ Stat,0.07692307692307693
Carolinas Med Syst,0.07692307692307693
Bedford Vet Adm Med Ctr,0.07142857142857142
ResearchWorks Inc,0.07142857142857142
Ctr Hosp Princesse Grace,0.07142857142857142
Bur Hlth Informat & Policy,0.07142857142857142
Amer Acad Family Phys,0.07142857142857142
Agcy Healthcare Res & Qual,0.07142857142857142
Marshfield Clin Fdn Med Res & Educ,0.07142857142857142
Clin Salud Pueblo Inc,0.07142857142857142
Affin Hlth Syst,0.07142857142857142
Eudaimonia Res Ctr,0.06666666666666667
Republ Botswana Minist Hlth,0.06451612903225806
Childrens Hosp Philadelphia,0.06451612903225806
Univ Athens,0.0625
Cooper Green Mercy Hosp,0.0625
Independence Blue Cross,0.058823529411764705
Henry Ford Hlth Syst,0.058823529411764705
Premier Community HealthCare Grp Inc,0.05555555555555555
Rutgers Sch Publ Hlth,0.05555555555555555
Florida Dept Hlth Pinellas Cty,0.05555555555555555
Duke Family Med,0.05263157894736842
Dept Vet Affairs Med Ctr,0.05263157894736842
Altisource Inc,0.05263157894736842
Presbyterian St Lukes Med Ctr,0.05263157894736842
Bernard van Leer Fdn,0.05
United Nations Childrens Fund UNICEF,0.05
Amer Psychol Assoc,0.05
PACT,0.05
British Broadcasting Co,0.05
NIMH,0.05
German Fed Employment Agcy,0.047619047619047616
Leibniz Inst Educ Trajectories,0.047619047619047616
Univ Stuttgart,0.047619047619047616
DIW,0.047619047619047616
DIW Berlin,0.047619047619047616
Univ Pretoria,0.03225806451612903
Nextel Enterprises Pty Ltd,0.03225806451612903
